{
  "label_aps": {
    "car": {
      "0.5": 0.3474099575435929,
      "1.0": 0.3652314901935065,
      "2.0": 0.36552846917393406,
      "4.0": 0.36555811018593837
    },
    "truck": {
      "0.5": 0.0,
      "1.0": 0.0,
      "2.0": 0.0,
      "4.0": 0.0
    },
    "bus": {
      "0.5": 0.21025247854904722,
      "1.0": 0.4555555555555555,
      "2.0": 0.4555555555555555,
      "4.0": 0.4555555555555555
    },
    "trailer": {
      "0.5": 0.0,
      "1.0": 0.0,
      "2.0": 0.0,
      "4.0": 0.0
    },
    "construction_vehicle": {
      "0.5": 0.0,
      "1.0": 0.0,
      "2.0": 0.0,
      "4.0": 0.0
    },
    "pedestrian": {
      "0.5": 0.0,
      "1.0": 0.0,
      "2.0": 0.0,
      "4.0": 0.0
    },
    "motorcycle": {
      "0.5": 0.0,
      "1.0": 0.0,
      "2.0": 0.0,
      "4.0": 0.0
    },
    "bicycle": {
      "0.5": 0.0,
      "1.0": 0.0,
      "2.0": 0.0,
      "4.0": 0.0
    },
    "traffic_cone": {
      "0.5": 0.0,
      "1.0": 0.0,
      "2.0": 0.0,
      "4.0": 0.0
    },
    "barrier": {
      "0.5": 0.0,
      "1.0": 0.0,
      "2.0": 0.0,
      "4.0": 0.0
    }
  },
  "mean_dist_aps": {
    "car": 0.360932006774243,
    "truck": 0.0,
    "bus": 0.3942297863039284,
    "trailer": 0.0,
    "construction_vehicle": 0.0,
    "pedestrian": 0.0,
    "motorcycle": 0.0,
    "bicycle": 0.0,
    "traffic_cone": 0.0,
    "barrier": 0.0
  },
  "mean_ap": 0.07551617930781714,
  "label_tp_errors": {
    "car": {
      "trans_err": 0.17516482602248806,
      "scale_err": 0.15087787669996564,
      "orient_err": 0.17750000548240732,
      "vel_err": 0.3639897236778247,
      "attr_err": 0.0724359704631683
    },
    "truck": {
      "trans_err": 1.0,
      "scale_err": 1.0,
      "orient_err": 1.0,
      "vel_err": 1.0,
      "attr_err": 1.0
    },
    "bus": {
      "trans_err": 0.4110746009035189,
      "scale_err": 0.12064510250520384,
      "orient_err": 0.0445729675374994,
      "vel_err": 3.4857160858569487,
      "attr_err": 0.7733533473341578
    },
    "trailer": {
      "trans_err": 1.0,
      "scale_err": 1.0,
      "orient_err": 1.0,
      "vel_err": 1.0,
      "attr_err": 1.0
    },
    "construction_vehicle": {
      "trans_err": 1.0,
      "scale_err": 1.0,
      "orient_err": 1.0,
      "vel_err": 1.0,
      "attr_err": 1.0
    },
    "pedestrian": {
      "trans_err": 1.0,
      "scale_err": 1.0,
      "orient_err": 1.0,
      "vel_err": 1.0,
      "attr_err": 1.0
    },
    "motorcycle": {
      "trans_err": 1.0,
      "scale_err": 1.0,
      "orient_err": 1.0,
      "vel_err": 1.0,
      "attr_err": 1.0
    },
    "bicycle": {
      "trans_err": 1.0,
      "scale_err": 1.0,
      "orient_err": 1.0,
      "vel_err": 1.0,
      "attr_err": 1.0
    },
    "traffic_cone": {
      "trans_err": 1.0,
      "scale_err": 1.0,
      "orient_err": NaN,
      "vel_err": NaN,
      "attr_err": NaN
    },
    "barrier": {
      "trans_err": 1.0,
      "scale_err": 1.0,
      "orient_err": 1.0,
      "vel_err": NaN,
      "attr_err": NaN
    }
  },
  "tp_errors": {
    "trans_err": 0.8586239426926007,
    "scale_err": 0.8271522979205169,
    "orient_err": 0.8024525525577675,
    "vel_err": 1.2312132261918465,
    "attr_err": 0.8557236647246658
  },
  "tp_scores": {
    "trans_err": 0.14137605730739933,
    "scale_err": 0.17284770207948308,
    "orient_err": 0.19754744744223252,
    "vel_err": 0.0,
    "attr_err": 0.14427633527533423
  },
  "nd_score": 0.10336284386435349,
  "eval_time": 1.1829898357391357,
  "cfg": {
    "class_range": {
      "car": 50,
      "truck": 50,
      "bus": 50,
      "trailer": 50,
      "construction_vehicle": 50,
      "pedestrian": 40,
      "motorcycle": 40,
      "bicycle": 40,
      "traffic_cone": 30,
      "barrier": 30
    },
    "dist_fcn": "center_distance",
    "dist_ths": [
      0.5,
      1.0,
      2.0,
      4.0
    ],
    "dist_th_tp": 2.0,
    "min_recall": 0.1,
    "min_precision": 0.1,
    "max_boxes_per_sample": 500,
    "mean_ap_weight": 5
  },
  "meta": {
    "use_camera": false,
    "use_lidar": true,
    "use_radar": false,
    "use_map": false,
    "use_external": false
  }
}