{"1": [0.029674105460999994], "2": [0.029674105460999994, 0.029674105460999994], "3": [0.029674105460999994, 0.029674105460999994, 0.009843446234300675], "4": [0.029674105460999994, 0.029674105460999994, 0.009843446234300675, 0.0025388051853476802], "5": [0.029674105460999994, 0.029674105460999994, 0.009843446234300675, 0.0025388051853476802, 0.004200983938054632], "6": [0.029674105460999994, 0.029674105460999994, 0.004210510753545845, 0.004210510753545845, 0.0025331232926633232, 0.0012894775613823196]}