{"1": [0.011877060330090795], "2": [0.011877060330090795, 0.011802754248999995], "3": [0.011877060330090795, 0.011802754248999995, 0.0005799403751934954], "4": [0.011877060330090795, 0.011802754248999995, 0.0005799403751934954, 0.0005755538733657734], "5": [0.011877060330090795, 0.011802754248999995, 0.0005799403751934954, 0.0005755538733657734, 0.000579170169651395], "6": [0.011877060330090795, 0.011802754248999995, 0.0005799403751934954, 0.0005971261520851345, 0.000579170169651395, 0.00013495988718252857]}