{"1": [0.4851], "2": [0.23532200999999997, 0.23532200999999997], "3": [0.029674105460999994, 0.029674105460999994, 0.029746548571439692], "4": [0.029674105460999994, 0.029674105460999994, 0.03339025181241749, 0.020133268718062494], "5": [0.029674105460999994, 0.029674105460999994, 0.009843446234300675, 0.0025388051853476802, 0.004200983938054632], "6": [0.029674105460999994, 0.029674105460999994, 0.009843446234300675, 0.0025388051853476802, 0.004200983938054632, 0.0012894775613823196]}