{"1": [0.22489999999999996], "2": [0.05091121798099998, 0.05091121798099998], "3": [0.011877060330090795, 0.011802754248999993, 0.011546664238090793], "4": [0.011877060330090795, 0.011802754248999993, 0.0025542884595180578, 0.0025536603600149694], "5": [0.011877060330090795, 0.011802754248999993, 0.0005799403751934954, 0.0005755538733657734, 0.000579170169651395], "6": [0.011877060330090795, 0.011802754248999993, 0.0005799403751934954, 0.0005755538733657734, 0.000579170169651395, 0.00013495988718252857]}